UniqueID,components,Notes,question,answer_type,choice_0,choice_1,choice_2,choice_3,answer,qID,explanation,in_lesson
1,"136,16",needs integral/derivative components for later steps,"\(\displaystyle \text{Evaluate } \int x(3-x^2)^4 \, dx. \)",multi,\(\displaystyle (x/5)(3-x^2)^5 + C \),\(\displaystyle -(1/10)(3-x^2)^5 + C \),\(\displaystyle (1/5)(3-x^2)^5 + C \),\(\displaystyle -(1/5)(3-x^2)^5 + C \),1,q0111
2,"136,16",needs integral/derivative components for later steps,"\(\displaystyle \text{Evaluate } \int \cos^4 x \sin x \, dx. \)",multi,\(\displaystyle -\cos^5 x + C \),\(\displaystyle (1/5) \cos^5 x + C \),\(\displaystyle -(1/5) \cos^5 x + C \),\(\displaystyle (1/5) \cos^5 x \sin x + C \),2,q0112
3,"136,16",needs integral/derivative components for later steps,"\(\displaystyle \text{Evaluate the indefinite integral } \int \frac{x}{\sqrt{x+1}}\,dx. \)",multi,\(\displaystyle (2/3)(x+1)^{3/2} - 2(x+1)^{1/2} + C \),\(\displaystyle (2/3)(x+1)^{3/2} + C \),\(\displaystyle (2/3)(x+1)^{3/2} + (x+1)^{1/2} + C \),\(\displaystyle (x+1)^{3/2} - (x+1)^{1/2} + C \),1,q0113
4,"136,16",needs integral/derivative components for later steps,"\(\displaystyle \text{Evaluate the definite integral } \int_0^1 x(x^2 + 1)^4 \, dx. \)",multi,\(\displaystyle 8/5 \),\(\displaystyle 4/5 \),\(\displaystyle 31/10 \),\(\displaystyle 16/5 \),2,q0114
5,"136,16",needs integral/derivative components for later steps,"\(\displaystyle \text{Evaluate the definite integral } \int_1^3 \frac{6x}{3x^2 + 1} \, dx. \)",multi,\(\displaystyle -\ln 7 \),\(\displaystyle 2 \ln 7 \),\(\displaystyle (1/2) \ln 7 \),\(\displaystyle \ln 7 \),3,q0115
6,"136,16",needs integral/derivative components for later steps,"\(\displaystyle \text{Evaluate the indefinite integral } \int x(5x^2 + 6)^{1/2} \, dx. \)",multi,\(\displaystyle (2/3) (5x^2 + 6)^{3/2} + C \),\(\displaystyle (1/15) (5x^2 + 6)^{3/2} + C \),\(\displaystyle (1/10) (5x^2 + 6)^{3/2} + C \),\(\displaystyle (x/10)(5x^2 + 6)^{3/2} + C \),1,q0121
7,"136,16",needs integral/derivative components for later steps,"\(\displaystyle \text{Evaluate the indefinite integral } \int \frac{\sin x}{\sqrt{1 + \cos x}}\,dx. \)",multi,\(\displaystyle \sin x (1 + \cos x)^{1/2} + C \),\(\displaystyle (-1/2) (1 + \cos x)^{1/2} + C \),\(\displaystyle (1 + \cos x)^{1/2} + C \),\(\displaystyle -2(1 + \cos x)^{1/2} + C \),3,q0122
8,"136,16",needs integral/derivative components for later steps,"\(\displaystyle \text{Evaluate the indefinite integral } \int x^3 (x^2 + 1)^6 \, dx. \)",multi,\(\displaystyle x^{16}/16 + C \),\(\displaystyle \frac{(x^2 + 1)^8}{8} + C \),\(\displaystyle \frac{(x^2 + 1)^8}{16} - \frac{(x^2 + 1)^7}{14} + C \),\(\displaystyle \frac{(x^2 + 1)^8}{16} + \frac{(x^2 + 1)^7}{14} + C \),2,q0123
9,"136,16",needs integral/derivative components for later steps,"\(\displaystyle \text{Evaluate the definite integral } \int_0^1 \frac{x^3}{(x^4 + 1)^{1/2}}\,dx. \)",multi,\(\displaystyle (1/2)(2^{1/2} - 1) \),\(\displaystyle (1/2)(2^{1/2} + 1) \),\(\displaystyle 2^{1/2} - 1 \),\(\displaystyle 2^{3/2} + 1 \),0,q0124
10,"136,16",needs integral/derivative components for later steps,"\(\displaystyle \text{Evaluate the definite integral } \int_0^1 xe^{-x^2}\,dx. \)",multi,\(\displaystyle 1 + 1/e \),\(\displaystyle 1/(2e) \),\(\displaystyle (1/2)(1 - 1/e) \),\(\displaystyle 2e - 1 \),2,q0125
11,"136,16",needs integral/derivative components for later steps,"\(\displaystyle \text{Evaluate the indefinite integral } \int x^3 (x^4 + 1)^{1/2} \, dx. \)",multi,\(\displaystyle x^3(x^4 + 1)^{1/2} + C \),\(\displaystyle (x^4 + 1)^{1/2} + C \),\(\displaystyle (1/6) (x^4 + 1)^{3/2} + C \),\(\displaystyle (1/8)(x^4 + 1)^{1/2} + C \),2,q0131
12,"136,16",needs integral/derivative components for later steps,"\(\displaystyle \text{Evaluate } \int (1 + \sin x)^{1/2} \cos x \, dx. \)",multi,\(\displaystyle (2/3) (1 + \sin x)^{3/2} + C \),\(\displaystyle (1 + \sin x)^{3/2} + C \),\(\displaystyle (-3/2) (1 + \sin x)^{3/2} + C \),\(\displaystyle \cos x (1 + \sin x)^{3/2} + C \),0,q0132
13,"136,16",needs integral/derivative components for later steps,"\(\displaystyle \text{Evaluate } \int x(x + 1)^7 \, dx. \)",multi,\(\displaystyle x^9/9 - x^8/8 + C \),\(\displaystyle x^9/9 + C \),\(\displaystyle (x+1)^9 - (x+1)^8 + C \),\(\displaystyle (x+1)^9/9 - (x+1)^8/8 + C \),3,q0133
14,"136,16",needs integral/derivative components for later steps,"\(\displaystyle \text{Evaluate the definite integral } \int_0^1 x(x^2 + 1)^{5/2} \, dx. \)",multi,\(\displaystyle (8/7)2^{1/2} + 1 \),\(\displaystyle (1/7)[8(2)^{1/2} - 1] \),\(\displaystyle 4(2)^{1/2} - 1 \),\(\displaystyle 8(2)^{1/2} + 1/7 \),1,q0134
15,"136,16",needs integral/derivative components for later steps,"\(\displaystyle \text{Evaluate the definite integral } \int_{-\pi/2}^{\pi/2} \sin^2 x \cos x \, dx. \)",multi,\(\displaystyle 2/3 \),\(\displaystyle 0 \),\(\displaystyle 1/3 \),\(\displaystyle 1 \),0,q0135
16,"10,31,142",,\(\displaystyle \frac{d}{dx} [\cos(x^3)] = -3x^2\sin(3x^2) \),multi,True,False in general,,,1,q4314
17,144,,\(\displaystyle \frac{d}{dx} [\ln(5^{1/2})] = 0 \),multi,True,False in general,,,0,q4315
18,"4,38",,"\(\displaystyle \int e^x \, dx = e^x \)",multi,True,False in general,,,1,q4316
19,"10,31",,\(\displaystyle \frac{d}{dx} [ \cos(2x)] = 2\sin(2x) \),multi,True,False in general,,,1,q4323
20,143,,"\(\displaystyle \int \frac{1}{4x}\,dx = \frac{1}{4} \ln |x| + C \)",multi,True,False in general,,,0,q4324
21,142,"<-- kinda, more like knowing that 142 doesn't apply in general",\(\displaystyle \frac{d}{dx} [3^{-x}] = -x3^{-x-1} \),multi,True,False in general,,,1,q4326
22,"10,30",,\(\displaystyle \frac{d}{dx}[\sin(2x)] = \frac{1}{2} \cos(2x) \),multi,True,False in general,,,1,q4327
23,143,"component for ""simplify early""??","\(\displaystyle \int \frac{x^4}{x^3} \, dx = \frac{x^2}{2} + C \)",multi,True,False in general,,,0,q4329
24,"108,142",,\(\displaystyle \frac{d}{dx} \left [ \frac{x}{2x+1} \right ] = \frac{1}{2} \),multi,True,False in general,,,0,q4330
25,"10,31,142",,\(\displaystyle \frac{d}{dx} [\cos(2x)] = 2\sin(2x) \),multi,True,False in general,,,1,q4334
26,"10,31,142",,\(\displaystyle \frac{d}{dx} [\cos(x^3)] = -3x^2\sin(x^3) \),multi,True,False in general,,,0,q4340
27,143,,"\(\displaystyle \int x^{1/2}\,dx = \frac{1}{2x^{1/2}} + C \)",multi,True,False in general,,,1,q4341
28,"10,30,142",,\(\displaystyle \frac{d}{dx} [\sin(5x^2)] = \cos(5x^2) + 10x \),multi,True,False in general,,,1,q4344
29,143,,"\(\displaystyle \int 3\,dx = 3x \)",multi,True,False in general,,,1,q4345
30,144,,\(\displaystyle \frac{d}{dx} [ \sin(\pi/2) ] = \pi/2 \cos(\pi/2) \),multi,True,False in general,,,1,q4349
31,"10,31,142",,\(\displaystyle \frac{d}{dx}[\cos(x^3)] = -\sin(3x^2) \),multi,True,False in general,,,1,q4352
32,"10,38,142",,\(\displaystyle \frac{d}{dx} e^{-3x} = -3e^{-3x} \),multi,True,False in general,,,0,q4353
33,142,,"\(\displaystyle \int \ln |x| \, dx = \frac{1}{x} + C \)",multi,True,False in general,,,1,q4355
34,143,,"\(\displaystyle \int \frac{1}{2x}\,dx = \frac{1}{2} + C \)",multi,True,False in general,,,1,q4357
35,"43,142",,Let \(f(x)=x^3-3x^2/2-6x+3/2\). Find the critical points of \(f(x)\).,check,\(\displaystyle -2 \),\(\displaystyle -1 \),\(\displaystyle 1 \),\(\displaystyle 2 \),13,q4412
36,"48,142",,Let \(f(x)=x^3-3x^2/2-6x+3/2\). \(\displaystyle \text{Find the location of relative maxima of } f(x). \),check,"\(\displaystyle (-2, -1/2) \)","\(\displaystyle (-1, 5) \)","\(\displaystyle (2, 17/2) \)",\(\displaystyle \text{There are none.} \),1,q4413
37,"49,142",,Let \(f(x)=x^3-3x^2/2-6x+3/2\). \(\displaystyle \text{Find the location of relative minima of } f(x). \),check,"\(\displaystyle (-2, -1/2) \)","\(\displaystyle (1, -5) \)","\(\displaystyle (2, -17/2) \)",\(\displaystyle \text{There are none.} \),2,q4414
38,"48,52",,"Let \(f(x)=x^3-3x^2/2-6x+3/2\). \(\displaystyle \text{What is the maximum value of } f(x) \text{ on the interval } [-3, 1]? \)",multi,\(\displaystyle -5 \),\(\displaystyle -1 \),\(\displaystyle -1/2 \),\(\displaystyle 5 \),3,q4415
39,"49,52",,"Let \(f(x)=x^3-3x^2/2-6x+3/2\). \(\displaystyle \text{What is the minimum value of } f(x) \text{ on the interval } [-3, 1]? \)",multi,\(\displaystyle -21 \),\(\displaystyle -17/2 \),\(\displaystyle -5 \),\(\displaystyle -3 \),0,q4416
40,43,,Let \(f(x)=x^4/4+x^3+3x^2/2+x+1/4\). \(\displaystyle \text{Find all critical points of } f(x). \),check,\(\displaystyle -1 \),\(\displaystyle 0 \),\(\displaystyle 1 \),\(\displaystyle 2 \),0,q4422
41,48,,Let \(f(x)=x^4/4+x^3+3x^2/2+x+1/4\). \(\displaystyle \text{Find the location of relative maxima of } f(x). \),check,"\(\displaystyle (-1, 0) \)","\(\displaystyle (0, 1/4) \)","\(\displaystyle (1, 4) \)",\(\displaystyle \text{There are none.} \),3,q4423
42,49,,Let \(f(x)=x^4/4+x^3+3x^2/2+x+1/4\). \(\displaystyle \text{Find the location of relative minima of } f(x). \),check,"\(\displaystyle (-1, 0) \)","\(\displaystyle (0, 1/4) \)","\(\displaystyle (1, 4) \)",\(\displaystyle \text{There are none.} \),0,q4424
43,"48,52",,"Let \(f(x)=x^4/4+x^3+3x^2/2+x+1/4\). \(\displaystyle \text{What is the maximum value of } f(x) \text{ on the interval } [-3, 1]? \)",multi,\(\displaystyle 0 \),\(\displaystyle 1/4 \),\(\displaystyle 1 \),\(\displaystyle 4 \),3,q4425
44,"49,52",,"Let \(f(x)=x^4/4+x^3+3x^2/2+x+1/4\). \(\displaystyle \text{What is the minimum value of } f(x) \text{ on the interval } [-3, 1]? \)",multi,\(\displaystyle 0 \),\(\displaystyle 1/4 \),\(\displaystyle 1 \),\(\displaystyle 4 \),0,q4426
45,43,,Let \(f(x)=4x^3/3-x+1/3\). \(\displaystyle \text{Find the critical points of } f(x). \),check,\(\displaystyle -1/2 \),\(\displaystyle 0 \),\(\displaystyle 1/2 \),\(\displaystyle 3/2 \),2,q4432
46,48,,Let \(f(x)=4x^3/3-x+1/3\). \(\displaystyle \text{Find the location of relative maxima of } f(x). \),check,"\(\displaystyle (-1/2, 2/3) \)","\(\displaystyle (0, 1/3) \)","\(\displaystyle (1/2, 0) \)",\(\displaystyle \text{There are none.} \),0,q4433
47,49,,Let \(f(x)=4x^3/3-x+1/3\). \(\displaystyle \text{Find the location of relative minima of } f(x). \),check,"\(\displaystyle (-1/2, 2/3) \)","\(\displaystyle (0, 1/3) \)","\(\displaystyle (1/2, 0) \)",\(\displaystyle \text{There are none.} \),2,q4434
48,"48,52",,"Let \(f(x)=4x^3/3-x+1/3\). \(\displaystyle \text{What is the maximum value of } f(x) \text{ on the interval } [-3, 1]? \)",multi,\(\displaystyle 0 \),\(\displaystyle 1/3 \),\(\displaystyle 2/3 \),\(\displaystyle 1 \),2,q4435
49,"49,52",,"Let \(f(x)=4x^3/3-x+1/3\). \(\displaystyle \text{What is the minimum value of } f(x) \text{ on the interval } [-3, 1]? \)",multi,\(\displaystyle 0 \),\(\displaystyle -98/3 \),\(\displaystyle 2/3 \),\(\displaystyle 1 \),1,q4436
50,113,,Let \(f(x)=x^3+2x^2-4x+4\). \(\displaystyle \text{Where is } f(x) \text{ concave up?} \),check,\(\displaystyle x < -2 \),\(\displaystyle x > -2 \),\(\displaystyle x > -2/3 \),\(\displaystyle x < -2/3 \),2,q4511
51,120,,Let \(f(x)=x^3+2x^2-4x+4\). \(\displaystyle \text{Find all inflection points of } f(x). \),check,"\(\displaystyle (-2, 13) \)","\(\displaystyle (-2/3, 223/27) \)","\(\displaystyle (0, 5) \)","\(\displaystyle (2/3, 95/27) \)",1,q4512
52,"43,121",,Let \(f(x)=x^3+2x^2-4x+4\). \(\displaystyle \text{At what value(s) of } x \text{ does } f(x) \text{ have an relative maximum?} \),check,\(\displaystyle x = -2 \),\(\displaystyle x = -2/3 \),\(\displaystyle x = 2/3 \),\(\displaystyle x = -3 \),0,q4513
53,"43,121",,Let \(f(x)=x^3+2x^2-4x+4\). \(\displaystyle \text{At what value(s) of } x \text{ does } f(x) \text{ have a relative minimum?} \),check,\(\displaystyle x = -2 \),\(\displaystyle x = -2/3 \),\(\displaystyle x = 2/3 \),\(\displaystyle x = -3 \),2,q4514
54,,requires doing the above problems... maybe these are better for a lesson-embedded quiz? also requires images,"Let \(f(x)=x^3+2x^2-4x+4\). \(\displaystyle \text{Qualitatively, which plot below could be the graph of } y = f(x)? \)",multi,\(\displaystyle \text{A} \),\(\displaystyle \text{B} \),\(\displaystyle \text{C} \),\(\displaystyle \text{D} \),2,q4515
55,114,,Let \(f(x)=2+9x-x^3\). \(\displaystyle \text{Where is } f(x) \text{ concave down?} \),check,\(\displaystyle x < 3^{1/2} \),\(\displaystyle x < 0 \),\(\displaystyle x > 0 \),\(\displaystyle x > -3^{1/2} \),2,q4521
56,120,,Let \(f(x)=2+9x-x^3\). \(\displaystyle \text{Find all inflection points of } f(x). \),check,"\(\displaystyle (1, 10) \)","\(\displaystyle (-3^{1/2}, 2 - 6(3)^{1/2}) \)","\(\displaystyle (3^{1/2}, 2 + 6(3)^{1/2}) \)","\(\displaystyle (0, 2) \)",3,q4522
57,"43,121",,Let \(f(x)=2+9x-x^3\). \(\displaystyle \text{At what value(s) of } f(x) \text{ does } f(x) \text{ have a relative maximum?} \),check,\(\displaystyle 3^{1/2} \),\(\displaystyle -3^{1/2} \),\(\displaystyle 0 \),\(\displaystyle 1 \),0,q4523
58,"43,121",,Let \(f(x)=2+9x-x^3\). \(\displaystyle \text{At what value(s) of } x \text{ does } f(x) \text{ have a relative minimum?} \),check,\(\displaystyle 3^{1/2} \),\(\displaystyle -3^{1/2} \),\(\displaystyle 0 \),\(\displaystyle 1 \),1,q4524
59,"10,30,142",,\(\displaystyle \frac{d}{dx} [\sin(5x^2)] = 10x \cos(5x^2) \),multi,TRUE,False in general,,,0,q4539
60,"108,142",,\(\displaystyle \frac{d}{dx} \left [ \frac{x}{x^2-2} \right ] = \frac{x^2+2}{(x^2-2)^2} \),multi,TRUE,False in general,,,1,q4540
61,"10,31,142",,\(\displaystyle \frac{d}{dx} [\cos(\pi x)] = -\pi \sin(\pi x) \),multi,TRUE,False in general,,,0,q4544
62,143,,"\(\displaystyle \int x^5\,dx = 5x^4 + C \)",multi,TRUE,False in general,,,1,q4545
63,144,,\(\displaystyle \frac{d}{dx} [3^{-4}] = 0 \),multi,TRUE,False in general,,,0,q4547
64,41,,Let \(f(x)=x^3-3x^2/2-6x+3/2\). \(\displaystyle \text{On which intervals is } f(x) \text{ increasing?} \),check,"\(\displaystyle (-\infty, -1) \)","\(\displaystyle (-2, 1) \)","\(\displaystyle (-1, 2) \)","\(\displaystyle (2, \infty) \)",3,q4548
65,42,,Let \(f(x)=x^4/4+x^3+3x^2/2+x+1/4\). \(\displaystyle \text{On which intervals is } f(x) \text{ decreasing?} \),check,"\(\displaystyle (-\infty, -1) \)","\(\displaystyle (-1, \infty) \)","\(\displaystyle (1, \infty) \)","\(\displaystyle (-1, 1) \)",0,q4549
66,42,,Let \(f(x)=4x^3/3-x+1/3\). \(\displaystyle \text{On which intervals is } f(x) \text{ decreasing?} \),check,"\(\displaystyle (-\infty, -1/2) \)","\(\displaystyle (-1/2, 1/2) \)","\(\displaystyle (-1/2, \infty) \)","\(\displaystyle (1/2, \infty) \)",1,q4550
67,"10,142",,Use the chain rule to differentiate the function \(\displaystyle (x - x^3)^3 \),multi,\(\displaystyle \frac{(x - x^3)^4(3x^2 - 1)}{3} \),\(\displaystyle 3(x - x^3)^2(1 - 3x^2) \),\(\displaystyle 3(x - x^3)^2 \),\(\displaystyle 3 \left ( \frac{x^2}{2} - \frac{x^4}{4} \right ) ^2 \),1,q4561
68,"10,142",,Use the chain rule to differentiate the function \(\displaystyle (x^5 - x^{10})^{20} \),multi,\(\displaystyle 20(5x^4 + 10x^9)^{19} \),\(\displaystyle 20(x^5 - x^{10})^{19} \),\(\displaystyle 20(5x^4 - 10x^9)^{19} \),\(\displaystyle 20(x^5 - x^{10})^{19} (5x^4 - 10x^9) \),3,q4562
69,"10,142",,Use the chain rule to differentiate the function \(\displaystyle \left ( \frac{1}{x} + \frac{1}{x^2} \right ) ^4 \),multi,\(\displaystyle 4 \left ( \frac{1}{x} + \frac{1}{x^2} \right ) ^3 \),\(\displaystyle \frac{1}{5} \left ( \frac{1}{x} + \frac{1}{x^2} \right ) ^5 \),\(\displaystyle 4 \left ( \frac{1}{x} - \frac{1}{x^2} \right)^3 \left ( \frac{1}{x^2} + \frac{2}{x^3} \right ) \),\(\displaystyle -4\left ( \frac{1}{x} + \frac{1}{x^2} \right )^3 \left ( \frac{1}{x^2} + \frac{2}{x^3} \right ) \),3,q4569
70,"10,30",,Use the chain rule to differentiate the function \(\displaystyle f(\sin 3x) \),multi,\(\displaystyle 3 \cos 3x f'(\sin 3x) \),\(\displaystyle 3 \sin 3x f'(x) \),\(\displaystyle 3\cos 3x f'(x) \),\(\displaystyle f'(3 \cos 3x) \),0,q4570
71,"10,142",,Use the chain rule to differentiate the function \(\displaystyle [(x^3 - x^{-3})^2 - x^2]^3 \),multi,\(\displaystyle 3[2(3x^2 + 3x^{-4}) - 2x]^2 \),\(\displaystyle 3[(x^3 - x^{-3})^2 - x^2]^2 [2(x^3 - x^{-3})(3x^2+ 3x^{-4}) - 2x] \),\(\displaystyle 3[(x^3 - x^{-3})^2 - x^2] \),\(\displaystyle 3[(x^3 - x^{-3})^2 - x^2]^2[2(x^3 - x^{-3}) - 2x] \),1,q4571
72,"10,142",,Use the chain rule to differentiate the function \(\displaystyle (x^2 - 1)^{100} \),multi,\(\displaystyle 200x(x^2 - 1)^{99} \),\(\displaystyle 100x(x^2 - 1)^{99} \),\(\displaystyle \frac{(x^2 - 1)^{101}}{101} \),\(\displaystyle 100x^2(x^2 - 1)^{99} \),0,q4572
73,"10,142",,Use the chain rule to differentiate the function \(\displaystyle \left ( x + \frac{1}{x} \right ) ^{-3} \),multi,\(\displaystyle -3 \left ( x + \frac{1}{x} \right ) ^{-4} \left ( 1 + \frac{1}{x^2} \right ) \),\(\displaystyle -3 \left ( x - \frac{1}{x} \right )^{-4} \left ( 1 + \frac{1}{x^2} \right ) \),\(\displaystyle -3 \left ( x + \frac{1}{x} \right ) ^{-4} \left (1 - \frac{1}{x^2} \right ) \),\(\displaystyle 3 \left ( x + \frac{1}{x} \right )^{-4} \left ( 1 - \frac{1}{x^2} \right ) \),2,q4573
74,"10,142",,Use the chain rule to differentiate the function \(\displaystyle [1 - (2 + 3x)^2]^3 \),multi,\(\displaystyle 18(2 - 3x) [1 - (2 + 3x)^2]^2 \),\(\displaystyle 3[1 - (2 + 3x)^2]^2 \),\(\displaystyle -18(2 + 3x)[1 - (2+3x)^2]^2 \),\(\displaystyle 3[1 - 2(2 + 3x)]^2 \),2,q4574
75,"10,32",,Use the chain rule to differentiate the function \(\displaystyle \tan x^2 \),multi,\(\displaystyle 2 \tan x \),\(\displaystyle 2x \sec^2 x^2 \),\(\displaystyle \sec^2 x^2 \),\(\displaystyle \tan 2x \),1,q4577
76,"10,35",,Use the chain rule to differentiate the function \(\displaystyle (x + \cot \pi x)^4 \),multi,\(\displaystyle 4\pi (x + \cot \pi x)^3 \),\(\displaystyle 4 (x + \cot \pi x)^3 \),\(\displaystyle 4(1 + \pi \csc^2 \pi x)^3 \),\(\displaystyle 4(1 - \pi \csc^2 \pi x)(x + \cot \pi x)^3 \),3,q4578
77,"136,16,142",,"Evaluate the integral \(\displaystyle \int 2x (x^2 - 1)^4 \, dx. \)",multi,\(\displaystyle \frac{1}{5} x^2(x^2 - 1)^5 + C \),\(\displaystyle 8x (x^2 - 1)^3 + C \),\(\displaystyle \frac{1}{5} (x^2 - 1)^5 + C \),\(\displaystyle \frac{2}{5} x^2(x^2 - 1)^5 + C \),2,q4579
78,"136,16,142",,"Evaluate the integral \(\displaystyle \int \frac{1}{(3+5x)^2}\,dx. \)",multi,\(\displaystyle \frac{-1}{5(3+5x)} + C \),\(\displaystyle \frac{-1}{3 + 5x} + C \),\(\displaystyle \ln | 3 + 5x|^2 + C \),\(\displaystyle \frac{-2}{(3+5x)^3} + C \),0,q4580
79,"136,16,142",component for definite integrals?,"Evaluate the integral \(\displaystyle \int_0^2 (x^2 - 1)(x^3 - 3x + 2)^3 \, dx \)",multi,\(\displaystyle 80 \),\(\displaystyle 40 \),\(\displaystyle 20 \),\(\displaystyle 5 \),2,q4581
80,"136,16,10,31",,"Evaluate the integral \(\displaystyle \int_0^{1/2} \cos^3(\pi x) \sin (\pi x) \, dx \)",multi,\(\displaystyle 2\pi \),\(\displaystyle \frac{1}{4\pi} \),\(\displaystyle \frac{1}{2\pi} \),\(\displaystyle 0 \),1,q4582
81,"136,16,142",,"Evaluate the integral \(\displaystyle \int_0^a y(a^2 - y^2)^{1/2}\,dy \)",multi,\(\displaystyle \frac{|a|^3}{6} \),\(\displaystyle \frac{|a|^3}{12} \),\(\displaystyle 0 \),\(\displaystyle \frac{|a|^3}{3} \),3,q4583
82,"33,10,53",not sure if this is intended for substitution...,"Evaluate the integral \(\displaystyle \int_{1/4}^{1/3} \sec^2 \pi x \, dx \)",multi,\(\displaystyle \frac{\pi}{2} \),\(\displaystyle \frac{3^{1/2} - 2^{1/2}}{\pi} \),\(\displaystyle \frac{3^{1/2} - 1}{\pi} \),\(\displaystyle \frac{1 - 3^{1/2}}{\pi} \),2,q4584
83,"136,16,142",,"Evaluate the integral \(\displaystyle \int_0^1 5x (1 + x^2)^4 \, dx \)",multi,\(\displaystyle 31/2 \),\(\displaystyle 125/2 \),\(\displaystyle 80 \),\(\displaystyle 23/4 \),0,q4585
84,"136,16,142",,"Evaluate the integral \(\displaystyle \int t^2 (5t^3 + 9)^4\,dt \)",multi,\(\displaystyle \frac{1}{75} t^3 (5t^3 + 9)^5 + C \),\(\displaystyle \frac{1}{96} t^3 (5t^3 + 9)^5 + C \),\(\displaystyle \frac{1}{15} t^3 (5t^3 + 9)^5 + C \),\(\displaystyle \frac{1}{75} (5t^3 + 9)^5 + C \),3,q4586
85,"136,16,142",vaguely not straightforward,"Evaluate the integral \(\displaystyle \int \frac{x+13}{(x+1)^{1/2}}\,dx \)",multi,\(\displaystyle \frac{2}{3} (x+1)^{3/2} + 2x \),\(\displaystyle (x+1)^{1/2} \left ( \frac{2}{3} x + 5 \right ) \),\(\displaystyle \frac{1}{4} (x+3)(1 - x) \),\(\displaystyle \frac{2}{3} (x+1)^{1/2} (x+37) \),3,q4587
86,"136,16,142",,"Evaluate the integral \(\displaystyle \int_{-1}^1 \frac{r}{(1+r^2)^4}\,dr \)",multi,\(\displaystyle 1/2 \),\(\displaystyle 1/4 \),\(\displaystyle 0 \),\(\displaystyle 1/8 \),2,q4588
87,"137,78,79,38",,"\(\displaystyle \text{Evaluate } \int x e^{-2x}\,dx. \)",multi,\(\displaystyle \left ( \frac{x}{2} - \frac{1}{4} \right ) e^{-2x} + C \),\(\displaystyle \left ( \frac{x}{2} + \frac{1}{4} \right ) e^{-2x} + C \),\(\displaystyle \left ( \frac{1}{4} - \frac{x}{2} \right ) e^{-2x} + C \),\(\displaystyle -\left ( \frac{x}{2} + \frac{1}{4} \right ) e^{-2x} + C \),3,q4606
88,"137,78,79,36",requires knowing or evaluating the integral of ln(x),"\(\displaystyle \text{Evaluate } \int \ln^2 x \, dx. \)",multi,\(x\ln^2x-2x\ln x+2x+C\),\(\displaystyle x^2 \ln x + 2x \ln x - 2x + C \),\(\displaystyle 2x \ln x + 2x + C \),\(\displaystyle e^{(x^2 + 2x)} + C \),0,q4607
89,"137,78,79,139,30,31,38,10",139+some more strategizing/playing around,"\(\displaystyle \text{Evaluate } \int e^{-x} \cos 2x \, dx. \)",multi,\(\displaystyle -2e^{-x} \cos 2x \sin 2x + C \),\(\displaystyle 2e^{-x} \cos 2x + C \),\(\displaystyle \frac{e^{-x}}{5} (2\sin 2x - \cos 2x) + C \),\(\displaystyle \ln^2 (\sin 2x) + \cos 2x + C \),2,q4608
90,"137,78,79,36,143","special components such as ""usually choose lnx as u""?","\(\displaystyle \text{Evaluate the definite integral } \int_1^2 x^3 \ln x \, dx. \)",multi,\(\displaystyle 2\ln4 - 1/16 \),\(\displaystyle 8 + \ln 2 \),\(\displaystyle 8 \ln 2 + 13/8 \),\(\displaystyle 4 \ln 2 - 15/16 \),3,q4609
91,"137,78,79,139,30,31,142,10",,"\(\displaystyle \text{Evaluate the definite integral } \int_0^{\pi/2} x^2 \sin 2x\,dx. \)",multi,\(\displaystyle \pi^2/8 - 1/2 \),\(\displaystyle \pi^2/4 - 1/2 \),\(\displaystyle \pi^2/4 \),\(\displaystyle 0 \),0,q4610
92,"137,78,79,38,142",,"\(\displaystyle \text{Evaluate } \int x e^{-x}\,dx. \)",multi,\(\displaystyle -xe^{-x} -e^{-x} + C \),\(\displaystyle \frac{-x^2}{2} e^{-x} + C \),\(\displaystyle \ln x + C \),\(\displaystyle -e^{-x} + \ln x^2 + C \),0,q4612
93,"137,78,79,16",,"\(\displaystyle \text{Evaluate } \int x(x+5)^{14} \,dx. \)",multi,\(\displaystyle \frac{1}{240} x(x+5)^{15} - \frac{1}{15}(x+5)^{16} + C \),\(\displaystyle \frac{1}{15} x(x+5)^{15} - \frac{1}{240}(x+5)^{14} + C \),\(\displaystyle \frac{1}{15}x(x+5)^{15} - \frac{1}{240}(x+5)^{16} + C \),\(\displaystyle \frac{x^2(x+5)^{15}}{17} + C \),2,q4613
94,"137,78,79,142,36,10,143",,"\(\displaystyle \text{Evaluate the definite integral } \int_1^{e^2} x\ln (x^{1/2}) \, dx. \)",multi,\(\displaystyle 1/8 - 3e^4 / 8 \),\(\displaystyle e \),\(\displaystyle e^2 \ln x \),\(\displaystyle 3e^4/8 + 1/8 \),3,q4614
95,"137,78,79,31,10,142",,"\(\displaystyle \text{Evaluate the definite integral } \int_0^{1/2} x \cos \pi x\, dx.\)",multi,\(\displaystyle 0 \),\(\displaystyle 1/4\pi - 2/\pi^2 \),\(\displaystyle 2\pi - 4\pi^2 \),\(\displaystyle 1/2\pi - 1/\pi^2 \),3,q4615
96,"108,142",,\(\displaystyle \text{Differentiate } f(x) = \frac{2}{x^4}. \),multi,\(\displaystyle \frac{2}{x^8} \),\(\displaystyle \frac{2}{x^4} \),\(\displaystyle \frac{-2}{x^5} \),\(\displaystyle \frac{-8}{x^5} \),3,q4695
97,"108,142",,\(\displaystyle \text{Differentiate } f(x) = \frac{2x^2 - 5}{x^4} \),multi,\(\displaystyle \frac{20}{x^3} - \frac{4}{x^5} \),\(\displaystyle \frac{1}{x^2} \),\(\displaystyle \frac{-4}{x^3} + \frac{20}{x^5} \),\(\displaystyle \frac{4x-1}{x^8} \),2,q4697
98,"108,32,33",,\(\displaystyle \text{Differentiate } f(x) = \frac{1-\sec x}{\tan x} \),multi,\(\displaystyle \frac{1}{\tan^2 x} \),\(\displaystyle \frac{-\sec x}{\tan x} \),\(\displaystyle \frac{\sec x (1- \sec x)}{\tan^2 x} \),\(\displaystyle \frac{\sec x (\sec x - 1)}{\tan^2 x} \),2,q4698
99,"108,142",,"\(\displaystyle \text{If } f(x) = \frac{1-x^2}{1+x^2}, \text{ what is } f'(1)? \)",multi,\(\displaystyle 1 \),\(\displaystyle 0 \),\(\displaystyle 1/2 \),\(\displaystyle -1 \),3,q4699
100,"108,142",,"\(\displaystyle \text{If } h(0) = 3 \text{ and } h'(0) = 2, \text{ find } f'(0) \text{ if } f(x) = h(x) - \frac{1}{h(x)}. \)",multi,\(\displaystyle 10/3 \),\(\displaystyle 8/3 \),\(\displaystyle 7/2 \),\(\displaystyle 20/9 \),3,q4700
101,"108,142",,\(\displaystyle \text{Differentiate } f(x) = \frac{3x^4 + 5}{x-1}. \),multi,\(\displaystyle \frac{3x^4 + 5}{(x-1)^3} \),\(\displaystyle \frac{9x^4 - 12x^3 - 5}{(x-1)^2} \),\(\displaystyle \frac{3x^4 + 5}{(x-1)^2} \),\(\displaystyle \frac{12x^3}{(x-1)^2} \),1,q4701
102,"108,142",,\(\displaystyle \text{Differentiate } f(x) = \frac{x^3}{1-x} \),multi,\(\displaystyle \frac{3x^2 - 2x^3}{(1-x)^2} \),\(\displaystyle \frac{2x^3 - 3x^2}{(1-x)^4} \),\(\displaystyle \frac{2x^3 - 3x^2}{(1-x)^2} \),\(\displaystyle \frac{3x^2}{(1-x)^2} \),0,q4702
103,"108,142",,\(\displaystyle \text{Find } f'(1) \text{ if } f(x) = \frac{ax+b}{cx+d}. \),multi,\(\displaystyle \frac{a}{c} \),\(\displaystyle \frac{ad + bc}{(c+d)^2} \),\(\displaystyle \frac{ad - bc}{(c+d)^2} \),\(\displaystyle \frac{a}{(c+d)^2} \),2,q4703
104,"108,142",,\(\displaystyle \text{What is the second derivative of } f(x) = \frac{x^2 - 3}{x}? \),multi,\(\displaystyle \frac{-6}{x^3} \),\(\displaystyle \frac{x^2 + 3}{x^2} \),\(\displaystyle \frac{-6}{x^2} \),\(\displaystyle 0 \),0,q4704
105,"108,142,38",,\(\displaystyle \text{Differentiate } f(x) = \frac{e^x - 1}{e^x + 1}. \),multi,\(\displaystyle \frac{e^x}{(e^x + 1)^4} \),\(\displaystyle \frac{2e^x}{(e^x - 1)^2} \),\(\displaystyle \frac{2e^x}{(e^x + 1)^2} \),\(\displaystyle \frac{e^x}{(e^x + 1)^2} \),2,q4705
106,"107,142",,\(\displaystyle \text{Differentiate } f(x) = (2x^2-1)(3x+1) \),multi,\(\displaystyle 9x^2 + 6x - 2 \),\(\displaystyle 6x^3 + 2x^2 - 3x \),\(\displaystyle 18x^2 - 3x + 4 \),\(\displaystyle 18x^2 + 4x - 3 \),3,q4706
107,"107,142",,\(\displaystyle \text{Differentiate } f(x) = \left ( 1 + \frac{2}{x} \right ) \left ( 1 + \frac{2}{x^2} \right ). \),multi,\(\displaystyle 1 + \frac{4}{x^2} \),\(\displaystyle \frac{-2}{x^2} - \frac{4}{x^3} - \frac{12}{x^4} \),\(\displaystyle -2x^2 - 4x^3 - 12x^4 \),\(\displaystyle \frac{-x^2}{2} - \frac{x^3}{4} - \frac{x^4}{12} \),1,q4707
108,"107,142,10,32",,\(\displaystyle \text{Differentiate } f(x) = x^2 \cos \left ( \frac{1}{x} \right ). \),multi,\(\displaystyle 2x \sin \frac{1}{x} + \cos \frac{1}{x} \),\(\displaystyle 2x\sin \frac{1}{x} \),\(\displaystyle 2x \sin \frac{1}{x} - \cos \frac{1}{x} \),\(\displaystyle 2x \cos \frac{1}{x} + \sin \frac{1}{x} \),3,q4708
109,"107,142",,"\(\displaystyle \text{If } f(x) = x^2(x+1), \text{ what is } f'(0)? \)",multi,\(\displaystyle 2 \),\(\displaystyle -1 \),\(\displaystyle 1 \),\(\displaystyle 0 \),3,q4710
110,"107,142",,"\(\displaystyle \text{If } h(0) = 3 \text{ and } h'(0) = 2, \text{ find } f'(0) \text{ for } f(x) = xh(x). \)",multi,\(\displaystyle 2 \),\(\displaystyle 3 \),\(\displaystyle -2 \),\(\displaystyle 0 \),1,q4711
111,"107,142",,\(\displaystyle \text{Differentiate } f(x) = (x^2-1)(x-3). \),multi,\(\displaystyle x^3 - 3x^2 - x \),\(\displaystyle 2x \),\(\displaystyle 3x^2 - 6x - 1 \),\(\displaystyle 6x - 6 \),2,q4712
112,"107,142",,\(\displaystyle \text{Differentiate } f(x) = (9x^8 - 8x^9) \left ( x + \frac{1}{x} \right ). \),multi,\(\displaystyle -40x^9 + \frac{81}{2} x^8 - 32x^7 + \frac{63}{2} x^6 \),\(\displaystyle -80x^9 + 81x^8 - \ln (17x^2) \),\(\displaystyle -80x^9 + 81x^8 - 64x^7 + 63x^6 \),\(\displaystyle 72x^7 - 72x^8 + \ln(17x^2) \),2,q4713
113,"107,142",,"\(\displaystyle \text{If } f(x) = 10x^4(3x^2 - 1), \text{ what is } f'(1)? \)",multi,\(\displaystyle 140 \),\(\displaystyle 35 \),\(\displaystyle 70 \),\(\displaystyle 20 \),0,q4714
114,"107,142",,"\(\displaystyle \text{If } h(0) = 4 \text{ and } h'(0) = 3, \text{ find } f'(0) \text{ for } f(x) = 2x^2 h(x) - 3x \)",multi,\(\displaystyle 37 \),\(\displaystyle -4 \),\(\displaystyle 4 \),\(\displaystyle -3 \),3,q4715
115,"107,38",,\(\displaystyle \text{Differentiate } f(x) = \tan(e^{3x}) \),multi,\(\displaystyle 3\sec^2(e^{3x}) \),\(\displaystyle 3e^{3x} \sec^2 (e^{3x}) \),\(\displaystyle \sec^2 (e^{3x}) \),\(\displaystyle 9e^{3x} \sec^2(e^{3x}) \),1,q4716
116,31,,\(\displaystyle \frac{d}{dx} \cos x = -\sin x \),multi,True,False in general,,,0,q4734
117,144,,\(\displaystyle \frac{d}{dx} \ln 2 = 0 \),multi,True,False in general,,,0,q4736
118,143,,"\(\displaystyle \int \frac{1}{x}\,dx = \ln |x| + C \)",multi,True,False in general,,,0,q4741
119,143,,"\(\displaystyle \int \frac{1}{x^2}\,dx = \frac{-3}{x^3} + C \)",multi,True,False in general,,,1,q4742
120,"10,142,30",,\(\displaystyle \frac{d}{dx} \sin(x^3) = 3x^2 \cos(x^3) \),multi,True,False in general,,,0,q4743
121,144,,\(\displaystyle \frac{d}{dx} \sin(3\pi) = 3\cos(3 \pi) \),multi,True,False in general,,,1,q4744
122,143,simplifying first,"\(\displaystyle \int \frac{(x-2)^6}{(-2+x)^2}\,dx = \frac{(x-2)^5}{5} + C \)",multi,True,False in general,,,0,q4749
123,142,kinda (see above),\(\displaystyle \frac{d}{dx} 5^x = x5^{x-1} \),multi,True,False in general,,,1,q4752
124,113,,Let \(f(x)=x^4-24x^2\). \(\displaystyle \text{Where is } f(x) \text{ concave up?} \),check,\(\displaystyle x < -2 \),\(\displaystyle x > -2 \),\(\displaystyle x > 2 \),\(\displaystyle x < 2 \),2,q4765
125,120,,Let \(f(x)=x^4-24x^2\). \(\displaystyle \text{Find all inflection points of } f(x). \),check,"\(\displaystyle (-2, -80) \)","\(\displaystyle (1, -23) \)","\(\displaystyle (2, -80) \)","\(\displaystyle (0,0) \)",2,q4766
126,"43,121",,Let \(f(x)=x^4-24x^2\). \(\displaystyle \text{At what value(s) of } x \text{ does } f(x) \text{ have a relative maximum?} \),check,\(\displaystyle x = 12^{1/2} \),\(\displaystyle x = 0 \),\(\displaystyle x = 12^{1/2} \),\(\displaystyle x = -2 \),1,q4768
127,"43,121",,Let \(f(x)=x^4-24x^2\). \(\displaystyle \text{At what value(s) of } x \text{ does } f(x) \text{ have a relative minimum?} \),check,\(\displaystyle x = -12^{1/2} \),\(\displaystyle x = 0 \),\(\displaystyle x = 12^{1/2} \),\(\displaystyle x = -2 \),0,q4769
128,114,,Let \(f(x)=4x^3-15x^2-18x+10\). \(\displaystyle \text{Where is } f(x) \text{ concave down}? \),check,\(\displaystyle x < 5/4 \),\(\displaystyle x > 5/4 \),\(\displaystyle x < 4 \),\(\displaystyle x > 4 \),0,q4771
129,120,,Let \(f(x)=4x^3-15x^2-18x+10\). \(\displaystyle \text{Find all inflection points of } f(x). \),check,"\(\displaystyle (0, 10) \)","\(\displaystyle (4, -46) \)","\(\displaystyle (5/4, -225/8) \)","\(\displaystyle (-5/4, -225/8) \)",2,q4772
130,"43,121",,Let \(f(x)=4x^3-15x^2-18x+10\). \(\displaystyle \text{At what value(s) of } x \text{ does } f(x) \text{ have a relative maximum?} \),check,\(\displaystyle x = -1/2 \),\(\displaystyle x = -3 \),\(\displaystyle x = 1/2 \),\(\displaystyle x = 3 \),0,q4773
131,"43,121",,Let \(f(x)=4x^3-15x^2-18x+10\). \(\displaystyle \text{At what values of } x \text{ does } f(x) \text{ have a relative minimum?} \),check,\(\displaystyle x = -1/2 \),\(\displaystyle x = -3 \),\(\displaystyle x = 1/2 \),\(\displaystyle x = 3 \),3,q4774
132,142,kinda (see above),\(\displaystyle \frac{d}{dx} 4^x = 4^x \ln 4 \),multi,True,False in general,,,0,q4784
133,108,,\(\displaystyle \frac{d}{dx} \left [ \frac{g(x)}{h(x)} \right ] = \frac{h(x)g'(x) - g(x)h'(x)}{h^2(x)} \),multi,True,False in general,,,0,q4787
134,143,,"\(\displaystyle \int \frac{3}{x}\,dx = \ln |3x| + C \)",multi,True,False in general,,,1,q4789
135,"10,32",,\(\displaystyle \frac{d}{dx} \tan(x^3 - 2x) = \sec^2(3x^2-2) \),multi,True,False in general,,,1,q4791
136,30,,\(\displaystyle \frac{d}{dx} \sin x = -\cos x \),multi,True,False in general,,,1,q4793
137,144,,\(\displaystyle \frac{d}{dx} \ln 5 = 0 \),multi,True,False in general,,,0,q4795
138,"10,38,6",(6 is for integrating both sides),"\(\displaystyle \int e^{2x}\,dx = 2e^{2x} + C \)",multi,True,False in general,,,1,q4796
139,"10,31,142",,\(\displaystyle \frac{d}{dx} [ \cos(5x - 6) ] = \sin(5x - 6) + \cos 5 \),multi,True,False in general,,,1,q4801
140,"6,33","many ways to go about this, but pretty simple","\(\displaystyle \int \tan x\,dx = \sec^2 x + C \)",multi,True,False in general,,,1,q4802
141,41,,Let \(f(x)=4x^3-6x^2-9x\). \(\displaystyle \text{On which intervals is } f(x) \text{ increasing?} \),check,"\(\displaystyle (-\infty, -1/2) \)","\(\displaystyle (-1/2, 3/2) \)","\(\displaystyle (3/2, \infty) \)","\(\displaystyle (-1/2, \infty) \)",2,q4805
142,43,,Let \(f(x)=4x^3-6x^2-9x\). \(\displaystyle \text{Find the critical points of } f(x). \),check,\(\displaystyle -1/2 \),\(\displaystyle 2 \),\(\displaystyle -3/2 \),\(\displaystyle 3/2 \),3,q4806
143,48,,Let \(f(x)=4x^3-6x^2-9x\). \(\displaystyle \text{Find the location of relative maxima of } f(x). \),check,"\(\displaystyle (-1/2, 5/2) \)","\(\displaystyle (3/2, -27/2) \)","\(\displaystyle (2, -10) \)",\(\displaystyle \text{There are none.} \),1,q4807
144,49,,Let \(f(x)=4x^3-6x^2-9x\). \(\displaystyle \text{Find the location of relative minima of } f(x). \),check,"\(\displaystyle (-1/2, 5/2) \)","\(\displaystyle (3/2, -27/2) \)","\(\displaystyle (2, -10) \)",\(\displaystyle \text{There are none.} \),2,q4808
145,"48,52",,"Let \(f(x)=4x^3-6x^2-9x\). \(\displaystyle \text{What is the maximum value of } f(x) \text{ on the interval } [-1, 2]? \)",multi,\(\displaystyle 5/2 \),\(\displaystyle -10 \),\(\displaystyle -27/2 \),\(\displaystyle 10 \),0,q4809
146,"49,52",,"Let \(f(x)=4x^3-6x^2-9x\). \(\displaystyle \text{What is the minimum value of } f(x) \text{ on the interval } [-1, 2]? \)",multi,\(\displaystyle 5/2 \),\(\displaystyle -10 \),\(\displaystyle -27/2 \),\(\displaystyle -15 \),2,q4810
147,151,"""ComputingLimits"" quizzes",Evaluate \[ \lim_{x\rightarrow -3} f(x) \] on the graph above.,self-rate,,,,,\[ \lim_{x\rightarrow -3} f(x) \text{ is undefined.} \],,,TRUE
148,153,"""ComputingLimits"" quizzes",Evaluate \[ \lim_{x\rightarrow 2^+} f(x) \] on the graph above.,self-rate,,,,,\[ \lim_{x\rightarrow 2^+} f(x) = -1 \],,,TRUE
149,156,"""ComputingLimits"" quizzes",Evaluate \[ \lim_{x\rightarrow -5^+} f(x) \] on the graph above.,self-rate,,,,,\[ \lim_{x\rightarrow -5^+} f(x) = 2 \],,,TRUE
150,158,"""ComputingLimits"" quizzes",Evaluate \[ \lim_{x\rightarrow -\infty} f(x) \] on the graph above.,self-rate,,,,,\[ \lim_{x\rightarrow -\infty} f(x)  = 0 \],,,TRUE
151,152,"""ComputingLimits"" quizzes",Evaluate \[ \lim_{x\rightarrow 2^-} f(x) \] on the graph above.,self-rate,,,,,\[ \lim_{x\rightarrow 2^-} f(x) = 1\],,,TRUE
152,155,"""ComputingLimits"" quizzes",Evaluate \[ \lim_{x\rightarrow -5^-} f(x) \] on the graph above.,self-rate,,,,,\[ \lim_{x\rightarrow -5^-} f(x) =2 \],,,TRUE
153,159,"""ComputingLimits"" quizzes",Evaluate \[ \lim_{x\rightarrow \infty} f(x) \] on the graph above.,self-rate,,,,,\[ \lim_{x\rightarrow \infty} f(x) \text{ is undefined.} \],,,TRUE
154,154,"""ComputingLimits"" quizzes",Evaluate \[ \lim_{x\rightarrow 2} f(x) \] on the graph above.,self-rate,,,,,\[ \lim_{x\rightarrow 2} f(x) \text{ is undefined.} \],,,TRUE
155,157,"""ComputingLimits"" quizzes",Evaluate \[ \lim_{x\rightarrow -5} f(x) \] on the graph above.,self-rate,,,,,\[ \lim_{x\rightarrow -5} f(x) = 2 \],,,TRUE
156,150,"""ComputingLimits"" quizzes","Evaluate \[ \lim_{x\rightarrow c} f(x) \text{ for } c\ne -5, -3, 2 \] on the graph above.",self-rate,,,,,\[ \lim_{x\rightarrow c} f(x) = f(c) \],,"The function \( f(x) \) is continuous at all of these points, and so the limit is just the value of the function evaluated at that point.",TRUE
157,"137,78,79,38,10,142",,"\(\displaystyle \text{Evaluate } \int x e^{3x}\,dx. \)",multi,\(\displaystyle (x/3) e^{3x} - (1/9)e^{3x} + C \),\(\displaystyle (1/3)e^{3x} - (x/9)e^{3x} + C \),\(\displaystyle (x/3)e^{3x} + (x/9)e^{3x} + C \),\(\displaystyle (1/3)e^{3x} - (1/9)e^{3x} + C \),0,q1211
158,"137,78,79,30,142",,"\(\displaystyle \text{Evaluate } \int x(1 + \cos x)\,dx \)",multi,\(\displaystyle x^2 - x\sin x + \cos x + C \),\(\displaystyle 2x^2 - x\sin x - \cos x + C \),\(\displaystyle (1/2)x^2 + x \sin x + \cos x + C \),\(\displaystyle (1/2)x^2 + \sin x - \cos x + C \),2,q1212
159,"137,78,79,30,31,142",,"\(\displaystyle \text{Evaluate } \int x^2 \cos x \, dx \)",multi,\(\displaystyle x \sin x - 2\cos x - \sin x + C \),\(\displaystyle x^2 \sin x + 2x \cos x - 2 \sin x + C \),\(\displaystyle x^2 \sin x - 2x\cos x + 2\sin x + C \),\(\displaystyle x \sin x + 2\cos x - 2\sin x + C \),1,q1213
160,"137,78,79,36,142",,"\(\displaystyle \text{Evaluate the definite integral } \int_1^e x^2 \ln x \, dx. \)",multi,\(\displaystyle (1/3)e^3 - 1/9 \),\(\displaystyle (2/9)e^3 \),\(\displaystyle (1/3)e^3 - 1/3 \),\(\displaystyle (2/9)e^3 + 1/9 \),3,q1214
161,"137,78,79,138,142",,"\(\displaystyle \text{Evaluate the definite integral } \int_0^{1/4} \sin^{-1} (2x)\,dx. \text{ Recall that the derivative of } \sin^{-1} u \text{ is } \frac{1}{(1-u^2)^{1/2}} \)",multi,\(\displaystyle -\pi/24 + (3^{1/2} + 2)/4 \),\(\displaystyle \pi/24 + (3^{1/2} - 2)/4 \),\(\displaystyle \pi/24 \),\(\displaystyle (2-3^{1/2})/2 \),1,q1215
162,"137,78,79,138,36,142",,"\(\displaystyle \text{Evaluate } \int \ln x\,dx \)",multi,\(\displaystyle x \ln x + x + C \),\(\displaystyle \ln x - x + C \),\(\displaystyle x \ln x - x + C \),\(\displaystyle 2\ln x - x + C \),2,q1221
163,"137,78,79,142,31,10",,"\(\displaystyle \text{Evaluate } \int x \sin 2x \, dx. \)",multi,\(\displaystyle (-x/2)\cos 2x + (1/4) \sin 2x + C \),\(\displaystyle (1/2) \cos 2x + (x/4)\sin 2x + C \),\(\displaystyle (x/2)\sin 2x  - (1/2)\cos 2x + C \),\(\displaystyle (x/4)\cos 2x - (3/4) \sin 2x + C \),0,q1222
164,"137,78,79,139,38,30,31",,"\(\displaystyle \text{Evaluate } \int e^x \sin x \, dx. \)",multi,\(\displaystyle \frac{ (\sin x + \cos x)e^x}{2} \),\(\displaystyle \frac{(\sin x + \cos x)e^x}{4} \),\(\displaystyle (\sin x - \cos x)e^x \),\(\displaystyle \frac{\sin x - \cos x)e^x}{2} \),3,q1223
165,"137,78,79,142,38,10",,"\(\displaystyle \text{Evaluate the definite integral } \int_0^1 xe^{-5x} \, dx. \)",multi,\(\displaystyle \frac{6}{25e^5} \),\(\displaystyle 1/25 - \frac{6}{25e^5} \),\(\displaystyle \frac{-1}{5e^5} \),\(\displaystyle \frac{1}{25e^5} - \frac{6}{25} \),1,q1224
166,"137,78,79,142,10,136,16",,"\(\displaystyle \text{Evaluate the definite integral } \int_0^1 x \tan^{-1} x^2 \, dx. \text{ Recall that the derivative of } \tan^{-1} u \text{ is } \frac{1}{1+u^2}. \)",multi,\(\displaystyle \pi/4 + \ln 2 \),\(\displaystyle (1/4) \ln 2 \),\(\displaystyle -\pi/8 \),\(\displaystyle \pi/8 - (1/4) \ln 2 \),3,q1225
167,"137,78,79,143,36",,"\(\displaystyle \text{Evaluate } \int x\ln x \, dx. \)",multi,\(\displaystyle (x^2) \ln x + x^2/2 + C \),\(\displaystyle (x^2 / 2) \ln x - x^2 /4 + C \),\(\displaystyle x \ln x - x^2/2 + C \),\(\displaystyle (2x^2) \ln x - x^2/2 + C \),1,q1231
168,"137,78,79,32,142",,"\(\displaystyle \text{Evaluate } \int x \sec^2 x \, dx. \)",multi,\(\displaystyle x \tan x - \ln |\cos x| + C \),\(\displaystyle \tan x + \ln|\sin x| + C \),\(\displaystyle x\sec x + 2\ln|\cos x| + C \),\(\displaystyle x \tan x + \ln|\cos x| + C \),3,q1232
169,"137,78,79,10,31,36,138",,"\(\displaystyle \text{Evaluate } \int \cos(\ln x)\,dx. \)",multi,\(\displaystyle (x/2)[\cos(\ln x) + \sin(\ln x)] + C \),\(\displaystyle (1/2)[\cos(\ln x) - \sin(\ln x)] + C \),\(\displaystyle x[2 \cos (\ln x) - \sin(\ln x)] + C \),\(\displaystyle (x/4)[\cos(\ln x) + 2\sin(\ln x)] + C \),0,q1233
170,"137,78,79,142,10,38",,"\(\displaystyle \text{Evaluate the definite integral } \int_0^1 x^2 e^{-x}\,dx. \)",multi,\(\displaystyle 1 - 3/e \),\(\displaystyle 2 + 5/e \),\(\displaystyle 2 - 5/e \),\(\displaystyle 4 + e \),2,q1234
171,"137,78,79,10,31,143",,"\(\displaystyle \text{Evaluate the definite integral } \int_0^1 2x \sin(\pi x)\,dx. \)",multi,\(\displaystyle 2/\pi \),\(\displaystyle 2/\pi - 4/\pi^2 \),\(\displaystyle 4/\pi \),\(\displaystyle 2/\pi^2 \),0,q1235
172,"108,142",,\(\displaystyle \text{Differentiate } f(x) = \frac{x^2}{1-x} \),multi,\(\displaystyle \frac{2x}{(1-x)^2} \),\(\displaystyle \frac{2x-x^2}{(1-x)^2} \),\(\displaystyle \frac{x^2}{(1-x)^2} \),\(\displaystyle \frac{x-2x^2}{(1-x)^2} \),1,q1511
173,"108,142",,\(\displaystyle \text{Differentiate } f(x) = \frac{2x-3}{3x-2}. \),multi,\(\displaystyle \frac{-5}{3x-2} \),\(\displaystyle \frac{3-2x}{(3x-2)^2} \),\(\displaystyle \frac{2}{(3x-2)^2} \),\(\displaystyle \frac{5}{(3x-2)^2} \),3,q1512
174,"108,142,37",,\(\displaystyle \text{Differentiate } f(x) = \frac{\ln|x+1|}{x+1}. \),multi,\(\displaystyle \frac{1}{x(x+1)^2} \),\(\displaystyle \frac{-\ln|x+1|}{x+1} \),\(\displaystyle \frac{1-\ln|x+1|}{(x+1)^2} \),\(\displaystyle \frac{\ln|x+1|}{(x+1)^2} \),3,q1513
175,"108,142",,\(\displaystyle \text{Find the derivative of } \frac{f(x)}{x} \text{ at } x =1. \),multi,\(\displaystyle 0 \),\(\displaystyle f'(1) - f(1) \),\(\displaystyle f'(1) \),\(\displaystyle f'(1) + 2f(1) \),1,q1514
176,"108,142",,\(\displaystyle \text{Find the second derivative of } \frac{1}{x^2+1}. \),multi,\(\displaystyle \frac{6x^2 - 2}{(x^2+1)^3} \),\(\displaystyle \frac{-2x}{(x^2+1)^3} \),\(\displaystyle \frac{2x-1}{(x^2+1)^3} \),\(\displaystyle \frac{4x^2 - 3}{(x^2+1)^4} \),0,q1515
177,"108,142",,\(\displaystyle \text{Differentiate } f(x) = \frac{3x}{2x+1} \),multi,\(\displaystyle \frac{2x-1}{(2x+1)^2} \),\(\displaystyle \frac{3}{2x+1} \),\(\displaystyle \frac{x}{(2x+1)^2} \),\(\displaystyle \frac{3}{(2x+1)^2} \),3,q1521
178,"108,142",,\(\displaystyle \text{Differentiate } f(x) = \frac{x^3 + 3x + 2}{x^2-1}. \),multi,\(\displaystyle \frac{x^4 - 5x^2 + 2x - 1}{(x^2-1)^2} \),\(\displaystyle \frac{3x^4 - 2x + 3}{(x^2-1)^2} \),\(\displaystyle \frac{x^4 - 6x^2 - 4x - 3}{(x^2-1)^2} \),\(\displaystyle \frac{2x^3 - 4x^2 + 1}{(x^2-1)^2} \),2,q1522
179,"108,142,30",,\(\displaystyle \text{Differentiate } f(x) = \frac{\sin x}{x}. \),multi,\(\displaystyle \frac{x\cos x - \sin x}{x^2} \),\(\displaystyle \cos x \),\(\displaystyle \frac{x \sin x - \cos x}{x} \),\(\displaystyle \frac{x^2 \sin x - \sin x}{x^2} \),0,q1523
180,"108,142",,"\(\displaystyle \text{If } f(x) = \frac{ax + b}{cx + d}, \text{ what is } f'(0)? \)",multi,\(\displaystyle \frac{ab - b^2}{c+d} \),\(\displaystyle \frac{ad + bc}{d} \),\(\displaystyle \frac{ad - bc}{d^2} \),\(\displaystyle \frac{a^2 + b^2}{(c+d)^2} \),2,q1524
181,"108,142",,\(\displaystyle \text{What is the second derivative of } \frac{x^2 - 3}{x}? \),multi,\(\displaystyle \frac{2}{x^3} \),\(\displaystyle \frac{-6}{x^3} \),\(\displaystyle \frac{x+3}{x^3} \),\(\displaystyle \frac{6}{x^2} \),1,q1525
182,"108,142",,\(\displaystyle \text{Differentiate } f(x) = \frac{x}{x+1} \),multi,\(\displaystyle \frac{-1}{(x+1)^2} \),\(\displaystyle \frac{x}{(x+1)^2} \),\(\displaystyle \frac{1}{(x+1)^2} \),\(\displaystyle \frac{2x-1}{(x+1)^2} \),2,q1531
183,"108,142",,\(\displaystyle \text{Differentiate } f(x) = \frac{x^2 - 1}{2x+3} \),multi,\(\displaystyle \frac{2(x^2 + 3x + 1)}{(2x+3)^2} \),\(\displaystyle \frac{2x^2 - x + 1}{(2x+3)^2} \),\(\displaystyle \frac{x^2 - 3x + 2}{(2x+3)^2} \),\(\displaystyle \frac{x-1}{(2x+3)^2} \),0,q1532
184,"108,142,10,38",,\(\displaystyle \text{Differentiate } f(x) = \frac{e^{ax} - e^{bx}}{e^{ax} + e^{bx}} \),multi,\(\displaystyle \frac{ae^{ax} - be^{bx}}{(e^{ax} + e^{bx})^2} \),\(\displaystyle \frac{2(a+b)e^{(a+b)x}}{e^{ax} + e^{bx}} \),\(\displaystyle \frac{e^{abx}}{(e^{ax} + e^{bx})^2} \),\(\displaystyle \frac{2(a-b)e^{(a+b)x}}{(e^{ax} + e^{bx})^2} \),3,q1533
185,"108,142",,"\(\displaystyle \text{If } f(x) = \frac{1-x^2}{1+x^2}, \text{ what is} f'(0)? \)",multi,\(\displaystyle -1 \),\(\displaystyle 1/2 \),\(\displaystyle 0 \),\(\displaystyle 1 \),2,q1534
186,"108,142",,"\(\displaystyle \text{If } f(4) = 3 \text{ and } f'(4) = -5, \text{ find } g'(4) \text{ if } g(x) = \frac{f(x)}{x}. \)",multi,\(\displaystyle -7/16 \),\(\displaystyle -23/16 \),\(\displaystyle 13/16 \),\(\displaystyle 2 \),1,q1535
187,"140,81,106,142,38",,\(\displaystyle \lim_{x \rightarrow 0} \frac{xe^x}{1-e^x} \),multi,\(\displaystyle \infty \),\(\displaystyle -1 \),\(\displaystyle 0 \),\(\displaystyle 1 \),1,q2211
188,"140,82,36,142",,\(\displaystyle \lim_{x \rightarrow \infty} \frac{\ln(x)}{x} \),multi,\(\displaystyle \infty \),\(\displaystyle 1 \),\(\displaystyle 0 \),\(\displaystyle -\infty \),2,q2212
189,"140,82,142,10,38",,\(\displaystyle \lim_{x \rightarrow \infty} \frac{x^3}{e^{-x}} \),multi,\(\displaystyle -\infty \),\(\displaystyle 0 \),\(\displaystyle 3 \),\(\displaystyle \infty \),3,q2213
190,140,,\(\displaystyle \lim_{x \rightarrow 0^+} \frac{\sin(x)}{x^2} \),multi,\(\displaystyle \infty \),\(\displaystyle 1 \),\(\displaystyle 0 \),\(\displaystyle 1/2 \),0,q2214
191,"145,140,81,10,142,36",,\(\displaystyle \lim_{x \rightarrow \infty} (1+1/x^2)^x \),multi,\(\displaystyle 0 \),\(\displaystyle 1 \),\(\displaystyle \infty \),\(\displaystyle e \),1,q2215
192,80,,\(\displaystyle \lim_{x \rightarrow 2} \frac{x-1}{x^3+2} \),multi,\(\displaystyle 1/10 \),\(\displaystyle 0 \),\(\displaystyle \infty \),\(\displaystyle 1/6 \),0,q2216
193,"140,81,38,30,144",,\(\displaystyle \lim_{x \rightarrow 0} \frac{e^x - 1}{\sin(x)} \),multi,\(\displaystyle \infty \),\(\displaystyle 1 \),\(\displaystyle 0 \),\(\displaystyle -1 \),1,q2217
194,"140,82,142",,\(\displaystyle \lim_{x \rightarrow \infty} \frac{x^3}{1-x^3} \),multi,\(\displaystyle 1 \),\(\displaystyle \infty \),\(\displaystyle 0 \),\(\displaystyle -1 \),3,q2218
195,"140,81,144,31,142",,\(\displaystyle \lim_{x \rightarrow 0} \frac{1-\cos(x)}{3x} \),multi,\(\displaystyle 0 \),\(\displaystyle 1/3 \),\(\displaystyle \infty \),\(\displaystyle -1/3 \),0,q2221
196,"140,81,142",,\(\displaystyle \lim_{x \rightarrow 0} \frac{x^2 - 5x + 3}{x^2 - 2x + 1} \),multi,\(\displaystyle \infty \),\(\displaystyle 3 \),\(\displaystyle 0 \),\(\displaystyle 1 \),1,q2222
197,"140,82,106,142,36",,\(\displaystyle \lim_{x \rightarrow \infty} \frac{x \ln (x)}{x + \ln(x)} \),multi,\(\displaystyle -\infty \),\(\displaystyle 0 \),\(\displaystyle 1 \),\(\displaystyle \infty \),3,q2223
198,"145,140",,\(\displaystyle \lim_{x \rightarrow \infty} (1+1/x)^{x^2} \),multi,\(\displaystyle e^2 \),\(\displaystyle e \),\(\displaystyle \infty \),\(\displaystyle 1 \),2,q2224
199,"140,82,10,142,38",,\(\displaystyle \lim_{x \rightarrow \infty} \frac{e^{3x}}{x^2} \),multi,\(\displaystyle 0 \),\(\displaystyle \infty \),\(\displaystyle 3 \),\(\displaystyle 3/2 \),1,q2225
200,"146,80",,\(\displaystyle \lim_{x \rightarrow 3} \frac{x-3}{3x^2 - 13x + 12} \),multi,\(\displaystyle 1/9 \),\(\displaystyle 0 \),\(\displaystyle 1/5 \),\(\displaystyle 3/4 \),2,q2226
201,140,,\(\displaystyle \lim_{x \rightarrow -\infty} \frac{\cos(1/x)}{x} \),multi,\(\displaystyle 1 \),\(\displaystyle \infty \),\(\displaystyle -\infty \),\(\displaystyle 0 \),3,q2227
202,"140,81,10,30,142",,\(\displaystyle \lim_{x \rightarrow 0} \frac{\sin^2 (x)}{x} \),multi,\(\displaystyle 0 \),\(\displaystyle \infty \),\(\displaystyle 1 \),\(\displaystyle -\infty \),0,q2228
203,"140,81,31,144,142",needs more for understanding about limit from left vs limit from right,\(\displaystyle \lim_{x \rightarrow 0^+} \frac{\cos(x) - 1}{x^3} \),multi,\(\displaystyle 0 \),\(\displaystyle -\infty \),\(\displaystyle \infty \),\(\displaystyle 1/6 \),1,q2231
204,"140,82,142",,\(\displaystyle \lim_{x \rightarrow \infty} \frac{x^3 - 1}{2-x} \),multi,\(\displaystyle 3/2 \),\(\displaystyle 0 \),\(\displaystyle -\infty \),\(\displaystyle \infty \),2,q2232
205,"140,30,10,31,142",,\(\displaystyle \lim_{x \rightarrow \pi/2} \frac{\cos(x)}{\sin(2x)} \),multi,\(\displaystyle \infty \),\(\displaystyle 0 \),\(\displaystyle 1/2 \),\(\displaystyle -1/2 \),2,q2233
206,140,,\(\displaystyle \lim_{x \rightarrow 0^+} \frac{x}{\ln(x)} \),multi,\(\displaystyle 0 \),\(\displaystyle 1 \),\(\displaystyle \infty \),\(\displaystyle -\infty \),0,q2234
207,"140,82,142",,\(\displaystyle \lim_{x \rightarrow \infty} \left [ \frac{1+x^2}{2x} \right ] ^{1/2} \),multi,\(\displaystyle 0 \),\(\displaystyle 1 \),\(\displaystyle 1/2 \),\(\displaystyle \infty \),3,q2235
208,"145,140,82,10,36,142",,\(\displaystyle \lim_{x \rightarrow \infty} (1+2x)^{-3/x} \),multi,\(\displaystyle e^2 \),\(\displaystyle \infty \),\(\displaystyle 1 \),\(\displaystyle 2 \),2,q2236
209,"140,81,144,10,38,142",,\(\displaystyle \lim_{x \rightarrow 0} \frac{1-e^{-2x}}{x^2 + 3x} \),multi,\(\displaystyle 2/3 \),\(\displaystyle 1 \),\(\displaystyle \infty \),\(\displaystyle 0 \),0,q2237
210,80,,\(\displaystyle \lim_{x \rightarrow 1} \frac{x^2 - x + 3}{x + 5} \),multi,\(\displaystyle 0 \),\(\displaystyle 1/2 \),\(\displaystyle 2 \),\(\displaystyle \infty \),1,q2238
211,"106,10,30,31,142",,\(\displaystyle \text{Differentiate } f(x) = \sin(2x) \cos(x^2+1) \),multi,\(\displaystyle \cos(2x)\cos(x^2+1) - \sin(2x)\sin(x^2+1) \),\(\displaystyle 2\cos(2x)\cos(x^2+1) - 2x\sin(2x)\sin(x^2+1) \),\(\displaystyle -4x\cos(2x)\sin(x^2+1) \),\(\displaystyle 2\sin(2x)\sin(x^2+1) - 2x\cos(2x)\cos(x^2+1) \),1,q4211
212,"106,10,38,36,142",,\(\displaystyle \text{Differentiate } f(x) = e^{x+1} \ln x. \),multi,\(\displaystyle e^{x+1}( \ln(x) + x^{-1}) \),\(\displaystyle e^{x+1} x^{-1} \),\(\displaystyle e^{x+1} [ (x+1) \ln(x) + x^{-1}] \),\(\displaystyle -e^{x+1} x^{-1} \),0,q4212
213,"106,10,36,32,142",,\(\displaystyle \text{Differentiate } f(x) = \tan(x) \ln(x^2). \),multi,\(\displaystyle 2x^{-1} \sec^2(x) \),\(\displaystyle \sec^2(x)\ln(x^2) + x^{-2}\tan(x) \),\(\displaystyle x^{-2} \sec^2(x) \),\(\displaystyle \sec^2(x)\ln(x^2) + 2x^{-1}\tan(x) \),3,q4213
214,"106,142,31",,"\(\displaystyle \text{If } f(x) = x^4 \cos(x), \text{ what is } f'(\pi/2)? \)",multi,\(\displaystyle \pi^3/2 \),\(\displaystyle \pi^4/16 \),\(\displaystyle -\pi^3/2 \),\(\displaystyle -\pi^4/16 \),3,q4214
215,"106,142",need understanding of working symbolically?,"\(\displaystyle \text{If } f(2) = 4 \text{ and } f'(2) = 1, \text{ find } g'(2) \text{ if } g(x) = 2xf(x). \)",multi,\(\displaystyle 2 \),\(\displaystyle 10 \),\(\displaystyle 12 \),\(\displaystyle 18 \),2,q4215
216,"106,142,30,10",,\(\displaystyle \text{Differentiate } f(x) = 3x^2 \sin(3x). \),multi,\(\displaystyle 6x + 3\cos(3x) \),\(\displaystyle 18x\cos(3x) + 3x^2\sin(3x) \),\(\displaystyle 6x\sin(3x) + 9x^2\cos(3x) \),\(\displaystyle 18x\cos(3x) \),2,q4221
217,"106,10,38,142",,\(\displaystyle \text{Differentiate } f(x) = e^{abx} (ax^b + abx). \),multi,\(\displaystyle abe^{abx} (ax^b + x^{b-1} + abx + 1) \),\(\displaystyle a^2b^2e^{abx}(x^{b-1} + 1) \),\(\displaystyle a^2 b^2 e^{abx} (x^b + x^{b-1} + x + 1) \),\(\displaystyle abe^{abx} (ax^b + abx)(x^{b-1} + 1) \),0,q4222
218,"106,10,142,38",,\(\displaystyle \text{Differentiate } f(x) = x^2 e^{x^2}. \),multi,\(\displaystyle 2xe^{x^2} \),\(\displaystyle 4x^2 e^{x^2} \),\(\displaystyle 2x e^{x^2} (1+x^2) \),\(\displaystyle 4x^2 e^{x^2} (1+x^2) \),2,q4223
219,"106,10,142,38",,"\(\displaystyle \text{If } f(x) = (3x^3 + 3x) e^{3x}, \text{ what is } f'(0)? \)",multi,\(\displaystyle 9 \),\(\displaystyle 3 \),\(\displaystyle 6 \),\(\displaystyle 1 \),1,q4224
220,"106,10,142,31",,"\(\displaystyle \text{If } f(0) = -2 \text{ and } f'(0) = 4, \text{ find } g'(0) \text { if } g(x) = \cos(x + \pi/2) f(x). \)",multi,\(\displaystyle -4 \),\(\displaystyle -2 \),\(\displaystyle 2 \),\(\displaystyle 4 \),2,q4225
221,"106,10,142,38,36",,\(\displaystyle \text{Differentiate } f(x) = e^{-x^2} \ln(x). \),multi,\(\displaystyle -2e^{-x^2} \),\(\displaystyle (x^{-1} - 2x\ln(x)) e^{-x^2} \),\(\displaystyle (x^{-1} - 2x) e^{-x^2} \ln(x) \),\(\displaystyle -2e^{-x^2} \ln(x) \),1,q4231
222,"106,38,31",,\(\displaystyle \text{Differentiate } f(x) = e^x \cos(x). \),multi,\(\displaystyle e^x (\cos(x) + \sin(x)) \),\(\displaystyle e^x \sin(x) \),\(\displaystyle -e^x \sin(x) \),\(\displaystyle e^x (\cos(x) - \sin(x)) \),3,q4232
223,"106,30,31",,\(\displaystyle \text{Differentiate } f(x) = \sin(x) \cos(x). \),multi,\(\displaystyle \cos^2(x) - \sin^2(x) \),\(\displaystyle 1 \),\(\displaystyle \sin^2(x) - \cos^2(x) \),\(\displaystyle \sin(x) - \cos(x) \),0,q4233
224,"106,10,30,142",,"\(\displaystyle \text{If } f(x) = (x^4 + 2x^2 + 4x) \sin(\pi x / 2), \text{ what is } f'(1)? \)",multi,\(\displaystyle 0 \),\(\displaystyle 7\pi/2 \),\(\displaystyle 6\pi \),\(\displaystyle 12 \),3,q4234
225,"106,10,142,38",,"\(\displaystyle \text{If } f(1) = 5 \text{ and } f'(1) = -5, \text{ find } g'(1) \text{ if } g(x) = e^{2x-2} f(x). \)",multi,\(\displaystyle -10 \),\(\displaystyle -5 \),\(\displaystyle 0 \),\(\displaystyle 5 \),3,q4235
226,"108,142",,\(\displaystyle \frac{d}{dx} \left [ \frac{x}{x+1} \right ] = \frac{1}{(x+1)^2} \),multi,True,False in general,,,1,q4320
227,"6,37,10,142",,"\(\displaystyle \int \frac{1}{x^{1/x}} \, dx = \ln | x^{1/2} | + C \)",multi,True,False in general,,,1,q4335
228,"6,10,142",,\(\displaystyle \frac{d}{dx} [3^{-x}] = -3^{-x} \),multi,True,False in general,,,1,q4339
229,80,,\(\displaystyle \lim_{x \rightarrow 0} \frac{x^3}{x+1} = 0 \),multi,True,False in general,,,0,q4348
230,"143,4",,"\(\displaystyle \int x^2\,dx = \frac{x^3}{3} \)",multi,True,False in general,,,1,q4354
231,143,,"\(\displaystyle \int \frac{x^{3/2}}{x^{1/2}}\,dx = \frac{x^2}{2} + C \)",multi,True,False in general,,,0,q4537
232,143,,"\(\displaystyle \int \frac{x^2-1}{x+1}\,dx = \frac{x^2}{2} - x + C \)",multi,True,False in general,,,0,q4546
233,"136,16,142,38",u-substitution seems much easier here...,"\(\displaystyle \text{Evaluate } \int x^2 e^{-x^3} \,dx. \)",multi,\(\displaystyle \frac{-x^3}{9} e^{-x^3}+ C \),\(\displaystyle \frac{-x^3}{3}e^{-x^3} + C \),\(\displaystyle \frac{-1}{9} e^{-x^3} + C \),\(\displaystyle \frac{-1}{3}e^{-x^3} + C \),3,q4611
234,"4,143",,"\(\displaystyle \int x^3\,dx = \frac{x^4}{4} \)",multi,True,False in general,,,1,q4737
235,"143,4",,"\(\displaystyle \int (x^3 - 2)\,dx = \frac{1}{4}x^4 - 2x \)",multi,True,False in general,,,1,q4785